Workbook

Sheet Легенда
A1: Цветовые обозначения в этом файле
A3: Синий текст, жёлтая заливка | B3: Параметр, который нужно проверить и поменять — это МОЁ предположение/ориентир, не из вашей системы
A5: Синий текст без заливки | B5: Тестовые/демонстрационные данные — нужно заменить на реальную выгрузку из СКАДА
A7: Зелёный текст | B7: Реальные данные или формулы, которые я нашёл непосредственно в вашем файле конфигурации (.dpl)
A9: Чёрный текст | B9: Формула расчёта внутри файла
A11: Красная заливка ячейки | B11: Автоматическая подсветка отклонения/тревоги по условию
A14: Важно: где в этом файле я что-то предположил сам
A15: • Порог дисбаланса токов 5% (лист 'Электро Дашборд', ячейка C3) — общий инженерный ориентир, не значение из вашей системы. Уточните фактическую уставку у электрика/начальника АСУ ТП.
A16: • Пороги отклонения дебита (-10%) и роста обводнённости (5 п.п.) в предыдущих дашбордах по добыче — тоже мои ориентиры для демонстрации, не нормативы вашей компании.
A17: • Коды причин остановки (1-5) и их расшифровка — пример для структуры, реальные коды нужно уточнить в документации на контроллер.
A18: • Уставки по LOAD_MAX_ALARM_VALUE, LOAD_MIN_ALARM_VALUE, SSK_ALARM_VALUE, SSK_WARNING_VALUE на листе 'Уставки конфигурация' — это РЕАЛЬНЫЕ значения из вашего файла (секция DpValue), не предположение.
A19: • Логика срабатывания уставок (когда именно тревога считается активной) — тоже взята из реальной секции DpFunction вашего файла, а не придумана.
A20: • Пороги TIT/PIT (датчики температуры/давления) — в файле есть только сами флаги тревог и тексты сообщений, но НЕ нашёл числовых уставок для них в выгрузке. Это нужно уточнить отдельно.

Sheet Журнал простоев
A1: Журнал остановок скважин (источник: PRICHINA_STOP, DTL_TIME_IN_STOP)
A3: Справочник кодов причин — ПРИМЕР для структуры, не из файла (уточнить реальные коды!)
A4: Код | B4: Причина
A5: 1 | B5: Выкл. питания
A6: 2 | B6: Авария по нагрузке
A7: 3 | B7: Парафиноотложение
A8: 4 | B8: Плановый ремонт (ПРС)
A9: 5 | B9: Авария ТМС
A12: Скважина | B12: Дата остановки | C12: Код причины | D12: Причина (расшифровка) | E12: Длительность простоя, час
A13: СХ-23 | B13: 07.06.2026 | C13: 1 | D13: =VLOOKUP(C13,$A$5:$B$9,2,FALSE()) -> Выкл. питания | E13: 1
A14: СХ-30 | B14: 04.06.2026 | C14: 2 | D14: =VLOOKUP(C14,$A$5:$B$9,2,FALSE()) -> Авария по нагрузке | E14: 6
A15: СХ-30 | B15: 14.06.2026 | C15: 3 | D15: =VLOOKUP(C15,$A$5:$B$9,2,FALSE()) -> Парафиноотложение | E15: 4
A16: СХ-30 | B16: 16.06.2026 | C16: 2 | D16: =VLOOKUP(C16,$A$5:$B$9,2,FALSE()) -> Авария по нагрузке | E16: 5
A17: СХ-15 | B17: 10.06.2026 | C17: 5 | D17: =VLOOKUP(C17,$A$5:$B$9,2,FALSE()) -> Авария ТМС | E17: 10
A18: СХ-15 | B18: 13.06.2026 | C18: 5 | D18: =VLOOKUP(C18,$A$5:$B$9,2,FALSE()) -> Авария ТМС | E18: 8
A19: СХ-16 | B19: 01.06.2026 | C19: 1 | D19: =VLOOKUP(C19,$A$5:$B$9,2,FALSE()) -> Выкл. питания | E19: 1
A20: СХ-29 | B20: 01.06.2026 | C20: 4 | D20: =VLOOKUP(C20,$A$5:$B$9,2,FALSE()) -> Плановый ремонт (ПРС) | E20: 20
A21: СХ-29 | B21: 10.06.2026 | C21: 3 | D21: =VLOOKUP(C21,$A$5:$B$9,2,FALSE()) -> Парафиноотложение | E21: 3

Sheet Простои Дашборд
A1: Дашборд: простои и причины остановок
A3: Период анализа (для справки) | C3: 01.06.2026 - 16.06.2026
A6: Сводка по скважинам
A7: Скважина | B7: Кол-во остановок | C7: Суммарный простой, час | D7: Средняя длительность, час | E7: Доля времени в простое за период, %
A8: СХ-23 | B8: =COUNTIF('Журнал простоев'!A$13:A$21,A8) -> 1 | C8: =SUMIF('Журнал простоев'!A$13:A$21,A8,'Журнал простоев'!E$13:E$21) -> 1 | D8: =IF(B8=0,0,C8/B8) -> 1 | E8: =C8/384*100 -> 0.26041667
A9: СХ-30 | B9: =COUNTIF('Журнал простоев'!A$13:A$21,A9) -> 3 | C9: =SUMIF('Журнал простоев'!A$13:A$21,A9,'Журнал простоев'!E$13:E$21) -> 15 | D9: =IF(B9=0,0,C9/B9) -> 5 | E9: =C9/384*100 -> 3.90625
A10: СХ-15 | B10: =COUNTIF('Журнал простоев'!A$13:A$21,A10) -> 2 | C10: =SUMIF('Журнал простоев'!A$13:A$21,A10,'Журнал простоев'!E$13:E$21) -> 18 | D10: =IF(B10=0,0,C10/B10) -> 9 | E10: =C10/384*100 -> 4.6875
A11: СХ-16 | B11: =COUNTIF('Журнал простоев'!A$13:A$21,A11) -> 1 | C11: =SUMIF('Журнал простоев'!A$13:A$21,A11,'Журнал простоев'!E$13:E$21) -> 1 | D11: =IF(B11=0,0,C11/B11) -> 1 | E11: =C11/384*100 -> 0.26041667
A12: СХ-29 | B12: =COUNTIF('Журнал простоев'!A$13:A$21,A12) -> 2 | C12: =SUMIF('Журнал простоев'!A$13:A$21,A12,'Журнал простоев'!E$13:E$21) -> 23 | D12: =IF(B12=0,0,C12/B12) -> 11.5 | E12: =C12/384*100 -> 5.9895833
A15: Парето-анализ причин остановок
A16: Причина | B16: Суммарно, час | C16: Доля, % | D16: Накопленная доля, %
A17: Выкл. питания | B17: =SUMIF('Журнал простоев'!D$13:D$21,A17,'Журнал простоев'!E$13:E$21) -> 2 | C17: =B17/SUM(B17:B21)*100 -> 3.4482759 | D17: =SUMPRODUCT(($B$17:$B$21>=B17)*$B$17:$B$21)/SUM(B17:B21)*100 -> 100
A18: Авария по нагрузке | B18: =SUMIF('Журнал простоев'!D$13:D$21,A18,'Журнал простоев'!E$13:E$21) -> 11 | C18: =B18/SUM(B17:B21)*100 -> 18.965517 | D18: =SUMPRODUCT(($B$17:$B$21>=B18)*$B$17:$B$21)/SUM(B17:B21)*100 -> 84.482759
A19: Парафиноотложение | B19: =SUMIF('Журнал простоев'!D$13:D$21,A19,'Журнал простоев'!E$13:E$21) -> 7 | C19: =B19/SUM(B17:B21)*100 -> 12.068966 | D19: =SUMPRODUCT(($B$17:$B$21>=B19)*$B$17:$B$21)/SUM(B17:B21)*100 -> 96.551724
A20: Плановый ремонт (ПРС) | B20: =SUMIF('Журнал простоев'!D$13:D$21,A20,'Журнал простоев'!E$13:E$21) -> 20 | C20: =B20/SUM(B17:B21)*100 -> 34.482759 | D20: =SUMPRODUCT(($B$17:$B$21>=B20)*$B$17:$B$21)/SUM(B17:B21)*100 -> 34.482759
A21: Авария ТМС | B21: =SUMIF('Журнал простоев'!D$13:D$21,A21,'Журнал простоев'!E$13:E$21) -> 18 | C21: =B21/SUM(B17:B21)*100 -> 31.034483 | D21: =SUMPRODUCT(($B$17:$B$21>=B21)*$B$17:$B$21)/SUM(B17:B21)*100 -> 65.517241

Sheet Журнал электро
A1: Журнал электрических параметров (ACTIVE_POWER, DISBALANCE_AMP)
A3: Порог дисбаланса для подсветки берётся с листа 'Электро Дашборд', ячейка C3
A5: Скважина | B5: Дата | C5: Активная мощность, кВт | D5: Дисбаланс токов, % | E5: Дебит нефти за дату, т/сут | F5: Удельная мощность, кВт/т | G5: Статус
A6: СХ-23 | B6: 01.06.2026 | C6: 13.8 | D6: 1.2 | E6: 20 | F6: =C6/E6 -> 0.69 | G6: =IF(D6>='Электро Дашборд'!$C$3,"Проверить двигатель","Норма") -> Норма
A7: СХ-23 | B7: 04.06.2026 | C7: 13.7 | D7: 1.3 | E7: 19.8 | F7: =C7/E7 -> 0.69191919 | G7: =IF(D7>='Электро Дашборд'!$C$3,"Проверить двигатель","Норма") -> Норма
A8: СХ-23 | B8: 07.06.2026 | C8: 13.9 | D8: 1.1 | E8: 20.1 | F8: =C8/E8 -> 0.69154229 | G8: =IF(D8>='Электро Дашборд'!$C$3,"Проверить двигатель","Норма") -> Норма
A9: СХ-23 | B9: 10.06.2026 | C9: 13.6 | D9: 1.4 | E9: 19.5 | F9: =C9/E9 -> 0.6974359 | G9: =IF(D9>='Электро Дашборд'!$C$3,"Проверить двигатель","Норма") -> Норма
A10: СХ-23 | B10: 13.06.2026 | C10: 13.7 | D10: 1.2 | E10: 19.7 | F10: =C10/E10 -> 0.69543147 | G10: =IF(D10>='Электро Дашборд'!$C$3,"Проверить двигатель","Норма") -> Норма
A11: СХ-23 | B11: 16.06.2026 | C11: 13.6 | D11: 1.3 | E11: 19.6 | F11: =C11/E11 -> 0.69387755 | G11: =IF(D11>='Электро Дашборд'!$C$3,"Проверить двигатель","Норма") -> Норма
A12: СХ-30 | B12: 01.06.2026 | C12: 11 | D12: 1.5 | E12: 18 | F12: =C12/E12 -> 0.61111111 | G12: =IF(D12>='Электро Дашборд'!$C$3,"Проверить двигатель","Норма") -> Норма
A13: СХ-30 | B13: 04.06.2026 | C13: 10.5 | D13: 2 | E13: 16 | F13: =C13/E13 -> 0.65625 | G13: =IF(D13>='Электро Дашборд'!$C$3,"Проверить двигатель","Норма") -> Норма
A14: СХ-30 | B14: 07.06.2026 | C14: 10 | D14: 3 | E14: 14 | F14: =C14/E14 -> 0.71428571 | G14: =IF(D14>='Электро Дашборд'!$C$3,"Проверить двигатель","Норма") -> Норма
A15: СХ-30 | B15: 10.06.2026 | C15: 9.5 | D15: 4.5 | E15: 12 | F15: =C15/E15 -> 0.79166667 | G15: =IF(D15>='Электро Дашборд'!$C$3,"Проверить двигатель","Норма") -> Норма
A16: СХ-30 | B16: 13.06.2026 | C16: 9.2 | D16: 6 | E16: 11 | F16: =C16/E16 -> 0.83636364 | G16: =IF(D16>='Электро Дашборд'!$C$3,"Проверить двигатель","Норма") -> Проверить двигатель
A17: СХ-30 | B17: 16.06.2026 | C17: 8.8 | D17: 7.5 | E17: 9 | F17: =C17/E17 -> 0.97777778 | G17: =IF(D17>='Электро Дашборд'!$C$3,"Проверить двигатель","Норма") -> Проверить двигатель
... A35: СХ-29 | B35: 16.06.2026 | C35: 12.6 | D35: 1.4 | E35: 17 | F35: =C35/E35 -> 0.74117647 | G35: =IF(D35>='Электро Дашборд'!$C$3,"Проверить двигатель","Норма") -> Норма

Sheet Электро Дашборд
A1: Дашборд: электрические параметры и энергоэффективность
A3: Порог дисбаланса токов для тревоги, % (МОЙ ОРИЕНТИР — общий инженерный норматив, не из вашей системы — проверьте и при необходимости измените только эту ячейку) | C3: 5
A5: Рейтинг скважин по удельному энергопотреблению
A6: Скважина | B6: Средняя мощность, кВт | C6: Средний дебит нефти, т/сут | D6: Удельная мощность, кВт/т | E6: Макс. дисбаланс токов, % | F6: Статус
A7: СХ-23 | B7: =AVERAGEIF('Журнал электро'!A$6:A$35,A7,'Журнал электро'!C$6:C$35) -> 13.716667 | C7: =AVERAGEIF('Журнал электро'!A$6:A$35,A7,'Журнал электро'!E$6:E$35) -> 19.783333 | D7: =B7/C7 -> 0.69334457 | E7: =SUMPRODUCT(MAX(('Журнал электро'!$A$6:$A$35=A7)*'Журнал электро'!$D$6:$D$35)) -> 1.4 | F7: =IF(E7>=$C$3,"Проверить двигатель","Норма") -> Норма
A8: СХ-30 | B8: =AVERAGEIF('Журнал электро'!A$6:A$35,A8,'Журнал электро'!C$6:C$35) -> 9.8333333 | C8: =AVERAGEIF('Журнал электро'!A$6:A$35,A8,'Журнал электро'!E$6:E$35) -> 13.333333 | D8: =B8/C8 -> 0.7375 | E8: =SUMPRODUCT(MAX(('Журнал электро'!$A$6:$A$35=A8)*'Журнал электро'!$D$6:$D$35)) -> 7.5 | F8: =IF(E8>=$C$3,"Проверить двигатель","Норма") -> Проверить двигатель
A9: СХ-15 | B9: =AVERAGEIF('Журнал электро'!A$6:A$35,A9,'Журнал электро'!C$6:C$35) -> 18.016667 | C9: =AVERAGEIF('Журнал электро'!A$6:A$35,A9,'Журнал электро'!E$6:E$35) -> 19.333333 | D9: =B9/C9 -> 0.93189655 | E9: =SUMPRODUCT(MAX(('Журнал электро'!$A$6:$A$35=A9)*'Журнал электро'!$D$6:$D$35)) -> 1.2 | F9: =IF(E9>=$C$3,"Проверить двигатель","Норма") -> Норма
A10: СХ-16 | B10: =AVERAGEIF('Журнал электро'!A$6:A$35,A10,'Журнал электро'!C$6:C$35) -> 12.516667 | C10: =AVERAGEIF('Журнал электро'!A$6:A$35,A10,'Журнал электро'!E$6:E$35) -> 15 | D10: =B10/C10 -> 0.83444444 | E10: =SUMPRODUCT(MAX(('Журнал электро'!$A$6:$A$35=A10)*'Журнал электро'!$D$6:$D$35)) -> 1.9 | F10: =IF(E10>=$C$3,"Проверить двигатель","Норма") -> Норма
A11: СХ-29 | B11: =AVERAGEIF('Журнал электро'!A$6:A$35,A11,'Журнал электро'!C$6:C$35) -> 12.433333 | C11: =AVERAGEIF('Журнал электро'!A$6:A$35,A11,'Журнал электро'!E$6:E$35) -> 13.5 | D11: =B11/C11 -> 0.92098765 | E11: =SUMPRODUCT(MAX(('Журнал электро'!$A$6:$A$35=A11)*'Журнал электро'!$D$6:$D$35)) -> 2 | F11: =IF(E11>=$C$3,"Проверить двигатель","Норма") -> Норма
A13: Тренд дисбаланса токов по датам
A14: Дата | B14: СХ-23 | C14: СХ-30 | D14: СХ-15 | E14: СХ-16 | F14: СХ-29
A15: 01.06.2026 | B15: =SUMPRODUCT(('Журнал электро'!$A$6:$A$35=$B$14)*('Журнал электро'!$B$6:$B$35=$A15)*'Журнал электро'!$D$6:$D$35) -> 1.2 | C15: =SUMPRODUCT(('Журнал электро'!$A$6:$A$35=$C$14)*('Журнал электро'!$B$6:$B$35=$A15)*'Журнал электро'!$D$6:$D$35) -> 1.5 | D15: =SUMPRODUCT(('Журнал электро'!$A$6:$A$35=$D$14)*('Журнал электро'!$B$6:$B$35=$A15)*'Журнал электро'!$D$6:$D$35) -> 1 | E15: =SUMPRODUCT(('Журнал электро'!$A$6:$A$35=$E$14)*('Журнал электро'!$B$6:$B$35=$A15)*'Журнал электро'!$D$6:$D$35) -> 1.8 | F15: =SUMPRODUCT(('Журнал электро'!$A$6:$A$35=$F$14)*('Журнал электро'!$B$6:$B$35=$A15)*'Журнал электро'!$D$6:$D$35) -> 2
A16: 04.06.2026 | B16: =SUMPRODUCT(('Журнал электро'!$A$6:$A$35=$B$14)*('Журнал электро'!$B$6:$B$35=$A16)*'Журнал электро'!$D$6:$D$35) -> 1.3 | C16: =SUMPRODUCT(('Журнал электро'!$A$6:$A$35=$C$14)*('Журнал электро'!$B$6:$B$35=$A16)*'Журнал электро'!$D$6:$D$35) -> 2 | D16: =SUMPRODUCT(('Журнал электро'!$A$6:$A$35=$D$14)*('Журнал электро'!$B$6:$B$35=$A16)*'Журнал электро'!$D$6:$D$35) -> 1.1 | E16: =SUMPRODUCT(('Журнал электро'!$A$6:$A$35=$E$14)*('Журнал электро'!$B$6:$B$35=$A16)*'Журнал электро'!$D$6:$D$35) -> 1.7 | F16: =SUMPRODUCT(('Журнал электро'!$A$6:$A$35=$F$14)*('Журнал электро'!$B$6:$B$35=$A16)*'Журнал электро'!$D$6:$D$35) -> 1.9
A17: 07.06.2026 | B17: =SUMPRODUCT(('Журнал электро'!$A$6:$A$35=$B$14)*('Журнал электро'!$B$6:$B$35=$A17)*'Журнал электро'!$D$6:$D$35) -> 1.1 | C17: =SUMPRODUCT(('Журнал электро'!$A$6:$A$35=$C$14)*('Журнал электро'!$B$6:$B$35=$A17)*'Журнал электро'!$D$6:$D$35) -> 3 | D17: =SUMPRODUCT(('Журнал электро'!$A$6:$A$35=$D$14)*('Журнал электро'!$B$6:$B$35=$A17)*'Журнал электро'!$D$6:$D$35) -> 1 | E17: =SUMPRODUCT(('Журнал электро'!$A$6:$A$35=$E$14)*('Журнал электро'!$B$6:$B$35=$A17)*'Журнал электро'!$D$6:$D$35) -> 1.9 | F17: =SUMPRODUCT(('Журнал электро'!$A$6:$A$35=$F$14)*('Журнал электро'!$B$6:$B$35=$A17)*'Журнал электро'!$D$6:$D$35) -> 1.8
A18: 10.06.2026 | B18: =SUMPRODUCT(('Журнал электро'!$A$6:$A$35=$B$14)*('Журнал электро'!$B$6:$B$35=$A18)*'Журнал электро'!$D$6:$D$35) -> 1.4 | C18: =SUMPRODUCT(('Журнал электро'!$A$6:$A$35=$C$14)*('Журнал электро'!$B$6:$B$35=$A18)*'Журнал электро'!$D$6:$D$35) -> 4.5 | D18: =SUMPRODUCT(('Журнал электро'!$A$6:$A$35=$D$14)*('Журнал электро'!$B$6:$B$35=$A18)*'Журнал электро'!$D$6:$D$35) -> 1.2 | E18: =SUMPRODUCT(('Журнал электро'!$A$6:$A$35=$E$14)*('Журнал электро'!$B$6:$B$35=$A18)*'Журнал электро'!$D$6:$D$35) -> 1.8 | F18: =SUMPRODUCT(('Журнал электро'!$A$6:$A$35=$F$14)*('Журнал электро'!$B$6:$B$35=$A18)*'Журнал электро'!$D$6:$D$35) -> 1.6
A19: 13.06.2026 | B19: =SUMPRODUCT(('Журнал электро'!$A$6:$A$35=$B$14)*('Журнал электро'!$B$6:$B$35=$A19)*'Журнал электро'!$D$6:$D$35) -> 1.2 | C19: =SUMPRODUCT(('Журнал электро'!$A$6:$A$35=$C$14)*('Журнал электро'!$B$6:$B$35=$A19)*'Журнал электро'!$D$6:$D$35) -> 6 | D19: =SUMPRODUCT(('Журнал электро'!$A$6:$A$35=$D$14)*('Журнал электро'!$B$6:$B$35=$A19)*'Журнал электро'!$D$6:$D$35) -> 1.1 | E19: =SUMPRODUCT(('Журнал электро'!$A$6:$A$35=$E$14)*('Журнал электро'!$B$6:$B$35=$A19)*'Журнал электро'!$D$6:$D$35) -> 1.7 | F19: =SUMPRODUCT(('Журнал электро'!$A$6:$A$35=$F$14)*('Журнал электро'!$B$6:$B$35=$A19)*'Журнал электро'!$D$6:$D$35) -> 1.5
A20: 16.06.2026 | B20: =SUMPRODUCT(('Журнал электро'!$A$6:$A$35=$B$14)*('Журнал электро'!$B$6:$B$35=$A20)*'Журнал электро'!$D$6:$D$35) -> 1.3 | C20: =SUMPRODUCT(('Журнал электро'!$A$6:$A$35=$C$14)*('Журнал электро'!$B$6:$B$35=$A20)*'Журнал электро'!$D$6:$D$35) -> 7.5 | D20: =SUMPRODUCT(('Журнал электро'!$A$6:$A$35=$D$14)*('Журнал электро'!$B$6:$B$35=$A20)*'Журнал электро'!$D$6:$D$35) -> 1 | E20: =SUMPRODUCT(('Журнал электро'!$A$6:$A$35=$E$14)*('Журнал электро'!$B$6:$B$35=$A20)*'Журнал электро'!$D$6:$D$35) -> 1.8 | F20: =SUMPRODUCT(('Журнал электро'!$A$6:$A$35=$F$14)*('Журнал электро'!$B$6:$B$35=$A20)*'Журнал электро'!$D$6:$D$35) -> 1.4

Sheet Уставки конфигурация
A1: Аварийные уставки — данные из вашего файла конфигурации (.dpl)
A2: Зелёным — реальные значения и формулы, найденные в секциях DpValue и DpFunction вашего файла (скважина sh-26)
A4: Параметр (тег) | B4: Значение уставки | C4: Логика срабатывания (из DpFunction) | D4: Источник в файле
A5: LOAD_MAX_ALARM_VALUE | B5: 10000 | C5: Тревога, если ROD_LOAD (нагрузка на штоке) > уставки | D5: DpValue / DpFunction (p1<p2, p1=уставка, p2=ROD_LOAD)
A6: LOAD_MIN_ALARM_VALUE | B6: -10000 | C6: Тревога, если ROD_LOAD < уставки | D6: DpValue / DpFunction (p1>p2, p1=уставка, p2=ROD_LOAD)
A7: SSK_ALARM_VALUE | B7: 100 | C7: Тревога, если STATE_SSK (состояние ССК) > уставки | D7: DpValue / DpFunction (p1<p2, p1=уставка, p2=STATE_SSK)
A8: SSK_WARNING_VALUE | B8: 90 | C8: Предупреждение, если STATE_SSK > уставки (ниже порога аварии) | D8: DpValue / DpFunction (p1<p2, p1=уставка, p2=STATE_SSK)
A10: Не найдено в файле — нужно уточнить отдельно:
A11: Числовые уставки для TIT_HH/TIT_H/TIT_L/TIT_LL (температура) и PIT_HH/PIT_H/PIT_L/PIT_LL (давление) — в файле есть только флаги тревог и тексты сообщений, без DpFunction-логики и значений.

Sheet Журнал уставок
A1: Журнал срабатываний аварийных уставок
A3: ТЕСТОВЫЕ данные для демонстрации — замените на реальную историю срабатываний из архива СКАДА
A5: Скважина | B5: Дата | C5: Тип уставки | D5: Фактическое значение параметра | E5: Уставка | F5: Сработало
A6: СХ-23 | B6: 03.06.2026 | C6: LOAD_MAX_ALARM | D6: 9800 | E6: =VLOOKUP(C6&"_VALUE",'Уставки конфигурация'!$A$5:$B$8,2,FALSE()) -> 10000 | F6: =IF(C6="LOAD_MAX_ALARM",IF(D6>E6,"Да","Нет"),IF(C6="LOAD_MIN_ALARM",IF(D6<E6,"Да","Нет"),IF(OR(C6="SSK_ALARM",C6="SSK_WARNING"),IF(D6>E6,"Да","Нет"),"?"))) -> Нет
A7: СХ-23 | B7: 09.06.2026 | C7: LOAD_MAX_ALARM | D7: 10250 | E7: =VLOOKUP(C7&"_VALUE",'Уставки конфигурация'!$A$5:$B$8,2,FALSE()) -> 10000 | F7: =IF(C7="LOAD_MAX_ALARM",IF(D7>E7,"Да","Нет"),IF(C7="LOAD_MIN_ALARM",IF(D7<E7,"Да","Нет"),IF(OR(C7="SSK_ALARM",C7="SSK_WARNING"),IF(D7>E7,"Да","Нет"),"?"))) -> Да
A8: СХ-30 | B8: 05.06.2026 | C8: LOAD_MIN_ALARM | D8: -10500 | E8: =VLOOKUP(C8&"_VALUE",'Уставки конфигурация'!$A$5:$B$8,2,FALSE()) -> -10000 | F8: =IF(C8="LOAD_MAX_ALARM",IF(D8>E8,"Да","Нет"),IF(C8="LOAD_MIN_ALARM",IF(D8<E8,"Да","Нет"),IF(OR(C8="SSK_ALARM",C8="SSK_WARNING"),IF(D8>E8,"Да","Нет"),"?"))) -> Да
A9: СХ-30 | B9: 11.06.2026 | C9: LOAD_MIN_ALARM | D9: -9200 | E9: =VLOOKUP(C9&"_VALUE",'Уставки конфигурация'!$A$5:$B$8,2,FALSE()) -> -10000 | F9: =IF(C9="LOAD_MAX_ALARM",IF(D9>E9,"Да","Нет"),IF(C9="LOAD_MIN_ALARM",IF(D9<E9,"Да","Нет"),IF(OR(C9="SSK_ALARM",C9="SSK_WARNING"),IF(D9>E9,"Да","Нет"),"?"))) -> Нет
A10: СХ-15 | B10: 08.06.2026 | C10: SSK_ALARM | D10: 95 | E10: =VLOOKUP(C10&"_VALUE",'Уставки конфигурация'!$A$5:$B$8,2,FALSE()) -> 100 | F10: =IF(C10="LOAD_MAX_ALARM",IF(D10>E10,"Да","Нет"),IF(C10="LOAD_MIN_ALARM",IF(D10<E10,"Да","Нет"),IF(OR(C10="SSK_ALARM",C10="SSK_WARNING"),IF(D10>E10,"Да","Нет"),"?"))) -> Нет
A11: СХ-15 | B11: 12.06.2026 | C11: SSK_ALARM | D11: 104 | E11: =VLOOKUP(C11&"_VALUE",'Уставки конфигурация'!$A$5:$B$8,2,FALSE()) -> 100 | F11: =IF(C11="LOAD_MAX_ALARM",IF(D11>E11,"Да","Нет"),IF(C11="LOAD_MIN_ALARM",IF(D11<E11,"Да","Нет"),IF(OR(C11="SSK_ALARM",C11="SSK_WARNING"),IF(D11>E11,"Да","Нет"),"?"))) -> Да
A12: СХ-15 | B12: 14.06.2026 | C12: SSK_WARNING | D12: 92 | E12: =VLOOKUP(C12&"_VALUE",'Уставки конфигурация'!$A$5:$B$8,2,FALSE()) -> 90 | F12: =IF(C12="LOAD_MAX_ALARM",IF(D12>E12,"Да","Нет"),IF(C12="LOAD_MIN_ALARM",IF(D12<E12,"Да","Нет"),IF(OR(C12="SSK_ALARM",C12="SSK_WARNING"),IF(D12>E12,"Да","Нет"),"?"))) -> Да
A13: СХ-16 | B13: 02.06.2026 | C13: SSK_WARNING | D13: 88 | E13: =VLOOKUP(C13&"_VALUE",'Уставки конфигурация'!$A$5:$B$8,2,FALSE()) -> 90 | F13: =IF(C13="LOAD_MAX_ALARM",IF(D13>E13,"Да","Нет"),IF(C13="LOAD_MIN_ALARM",IF(D13<E13,"Да","Нет"),IF(OR(C13="SSK_ALARM",C13="SSK_WARNING"),IF(D13>E13,"Да","Нет"),"?"))) -> Нет
A14: СХ-29 | B14: 06.06.2026 | C14: LOAD_MAX_ALARM | D14: 10120 | E14: =VLOOKUP(C14&"_VALUE",'Уставки конфигурация'!$A$5:$B$8,2,FALSE()) -> 10000 | F14: =IF(C14="LOAD_MAX_ALARM",IF(D14>E14,"Да","Нет"),IF(C14="LOAD_MIN_ALARM",IF(D14<E14,"Да","Нет"),IF(OR(C14="SSK_ALARM",C14="SSK_WARNING"),IF(D14>E14,"Да","Нет"),"?"))) -> Да
A15: СХ-29 | B15: 15.06.2026 | C15: SSK_ALARM | D15: 101 | E15: =VLOOKUP(C15&"_VALUE",'Уставки конфигурация'!$A$5:$B$8,2,FALSE()) -> 100 | F15: =IF(C15="LOAD_MAX_ALARM",IF(D15>E15,"Да","Нет"),IF(C15="LOAD_MIN_ALARM",IF(D15<E15,"Да","Нет"),IF(OR(C15="SSK_ALARM",C15="SSK_WARNING"),IF(D15>E15,"Да","Нет"),"?"))) -> Да

Sheet Уставки Дашборд
A1: Дашборд: частота срабатывания аварийных уставок
A3: Срабатывания по скважинам
A4: Скважина | B4: Кол-во срабатываний
A5: СХ-23 | B5: =SUMPRODUCT(('Журнал уставок'!A$6:A$15=A5)*('Журнал уставок'!F$6:F$15="Да")) -> 1
A6: СХ-30 | B6: =SUMPRODUCT(('Журнал уставок'!A$6:A$15=A6)*('Журнал уставок'!F$6:F$15="Да")) -> 1
A7: СХ-15 | B7: =SUMPRODUCT(('Журнал уставок'!A$6:A$15=A7)*('Журнал уставок'!F$6:F$15="Да")) -> 2
A8: СХ-16 | B8: =SUMPRODUCT(('Журнал уставок'!A$6:A$15=A8)*('Журнал уставок'!F$6:F$15="Да")) -> 0
A9: СХ-29 | B9: =SUMPRODUCT(('Журнал уставок'!A$6:A$15=A9)*('Журнал уставок'!F$6:F$15="Да")) -> 2
A12: Срабатывания по типу уставки
A13: Тип уставки | B13: Кол-во срабатываний
A14: LOAD_MAX_ALARM | B14: =SUMPRODUCT(('Журнал уставок'!C$6:C$15=A14)*('Журнал уставок'!F$6:F$15="Да")) -> 2
A15: LOAD_MIN_ALARM | B15: =SUMPRODUCT(('Журнал уставок'!C$6:C$15=A15)*('Журнал уставок'!F$6:F$15="Да")) -> 1
A16: SSK_ALARM | B16: =SUMPRODUCT(('Журнал уставок'!C$6:C$15=A16)*('Журнал уставок'!F$6:F$15="Да")) -> 2
A17: SSK_WARNING | B17: =SUMPRODUCT(('Журнал уставок'!C$6:C$15=A17)*('Журнал уставок'!F$6:F$15="Да")) -> 1
