Workbook

Sheet Журнал замеров
A1: Скважина | B1: Дата замера | C1: Дебит нефти, т/сут | D1: Дебит жидкости, м3/сут | E1: Обводнённость, % | F1: Плотность, кг/м3 | G1: Изм. дебита нефти, % | H1: Изм. обводнённости, п.п. | I1: Флаг
A2: СХ-23 | B2: 01.06.2026 | C2: 20 | D2: 28.6 | E2: 30 | F2: 880 | G2: =IF(A2=A1,(C2-C1)/C1,"") | H2: =IF(A2=A1,E2-E1,"") | I2: =IF(AND(ISNUMBER(G2),G2<=-0.1,ISNUMBER(H2),H2>=5),"Падение дебита и рост обв.",IF(AND(ISNUMBER(G2),G2<=-0.1),"Падение дебита",IF(AND(ISNUMBER(H2),H2>=5),"Рост обводнённости","")))
A3: СХ-23 | B3: 04.06.2026 | C3: 19.8 | D3: 28.7 | E3: 31 | F3: 879 | G3: =IF(A3=A2,(C3-C2)/C2,"") -> -0.01 | H3: =IF(A3=A2,E3-E2,"") -> 1 | I3: =IF(AND(ISNUMBER(G3),G3<=-0.1,ISNUMBER(H3),H3>=5),"Падение дебита и рост обв.",IF(AND(ISNUMBER(G3),G3<=-0.1),"Падение дебита",IF(AND(ISNUMBER(H3),H3>=5),"Рост обводнённости","")))
A4: СХ-23 | B4: 07.06.2026 | C4: 20.1 | D4: 28.7 | E4: 30 | F4: 881 | G4: =IF(A4=A3,(C4-C3)/C3,"") -> 0.015151515 | H4: =IF(A4=A3,E4-E3,"") -> -1 | I4: =IF(AND(ISNUMBER(G4),G4<=-0.1,ISNUMBER(H4),H4>=5),"Падение дебита и рост обв.",IF(AND(ISNUMBER(G4),G4<=-0.1),"Падение дебита",IF(AND(ISNUMBER(H4),H4>=5),"Рост обводнённости","")))
A5: СХ-23 | B5: 10.06.2026 | C5: 19.5 | D5: 27.5 | E5: 29 | F5: 878 | G5: =IF(A5=A4,(C5-C4)/C4,"") -> -0.029850746 | H5: =IF(A5=A4,E5-E4,"") -> -1 | I5: =IF(AND(ISNUMBER(G5),G5<=-0.1,ISNUMBER(H5),H5>=5),"Падение дебита и рост обв.",IF(AND(ISNUMBER(G5),G5<=-0.1),"Падение дебита",IF(AND(ISNUMBER(H5),H5>=5),"Рост обводнённости","")))
A6: СХ-23 | B6: 13.06.2026 | C6: 19.7 | D6: 28.6 | E6: 31 | F6: 880 | G6: =IF(A6=A5,(C6-C5)/C5,"") -> 0.01025641 | H6: =IF(A6=A5,E6-E5,"") -> 2 | I6: =IF(AND(ISNUMBER(G6),G6<=-0.1,ISNUMBER(H6),H6>=5),"Падение дебита и рост обв.",IF(AND(ISNUMBER(G6),G6<=-0.1),"Падение дебита",IF(AND(ISNUMBER(H6),H6>=5),"Рост обводнённости","")))
A7: СХ-23 | B7: 16.06.2026 | C7: 19.6 | D7: 28 | E7: 30 | F7: 879 | G7: =IF(A7=A6,(C7-C6)/C6,"") -> -0.0050761421 | H7: =IF(A7=A6,E7-E6,"") -> -1 | I7: =IF(AND(ISNUMBER(G7),G7<=-0.1,ISNUMBER(H7),H7>=5),"Падение дебита и рост обв.",IF(AND(ISNUMBER(G7),G7<=-0.1),"Падение дебита",IF(AND(ISNUMBER(H7),H7>=5),"Рост обводнённости","")))
A8: СХ-30 | B8: 01.06.2026 | C8: 18 | D8: 24 | E8: 25 | F8: 875 | G8: =IF(A8=A7,(C8-C7)/C7,"") | H8: =IF(A8=A7,E8-E7,"") | I8: =IF(AND(ISNUMBER(G8),G8<=-0.1,ISNUMBER(H8),H8>=5),"Падение дебита и рост обв.",IF(AND(ISNUMBER(G8),G8<=-0.1),"Падение дебита",IF(AND(ISNUMBER(H8),H8>=5),"Рост обводнённости","")))
A9: СХ-30 | B9: 04.06.2026 | C9: 16 | D9: 21.6 | E9: 26 | F9: 874 | G9: =IF(A9=A8,(C9-C8)/C8,"") -> -0.11111111 | H9: =IF(A9=A8,E9-E8,"") -> 1 | I9: =IF(AND(ISNUMBER(G9),G9<=-0.1,ISNUMBER(H9),H9>=5),"Падение дебита и рост обв.",IF(AND(ISNUMBER(G9),G9<=-0.1),"Падение дебита",IF(AND(ISNUMBER(H9),H9>=5),"Рост обводнённости",""))) -> Падение дебита
A10: СХ-30 | B10: 07.06.2026 | C10: 14 | D10: 19.4 | E10: 28 | F10: 876 | G10: =IF(A10=A9,(C10-C9)/C9,"") -> -0.125 | H10: =IF(A10=A9,E10-E9,"") -> 2 | I10: =IF(AND(ISNUMBER(G10),G10<=-0.1,ISNUMBER(H10),H10>=5),"Падение дебита и рост обв.",IF(AND(ISNUMBER(G10),G10<=-0.1),"Падение дебита",IF(AND(ISNUMBER(H10),H10>=5),"Рост обводнённости",""))) -> Падение дебита
A11: СХ-30 | B11: 10.06.2026 | C11: 12 | D11: 16.9 | E11: 29 | F11: 873 | G11: =IF(A11=A10,(C11-C10)/C10,"") -> -0.14285714 | H11: =IF(A11=A10,E11-E10,"") -> 1 | I11: =IF(AND(ISNUMBER(G11),G11<=-0.1,ISNUMBER(H11),H11>=5),"Падение дебита и рост обв.",IF(AND(ISNUMBER(G11),G11<=-0.1),"Падение дебита",IF(AND(ISNUMBER(H11),H11>=5),"Рост обводнённости",""))) -> Падение дебита
A12: СХ-30 | B12: 13.06.2026 | C12: 11 | D12: 15.9 | E12: 31 | F12: 875 | G12: =IF(A12=A11,(C12-C11)/C11,"") -> -0.083333333 | H12: =IF(A12=A11,E12-E11,"") -> 2 | I12: =IF(AND(ISNUMBER(G12),G12<=-0.1,ISNUMBER(H12),H12>=5),"Падение дебита и рост обв.",IF(AND(ISNUMBER(G12),G12<=-0.1),"Падение дебита",IF(AND(ISNUMBER(H12),H12>=5),"Рост обводнённости","")))
A13: СХ-30 | B13: 16.06.2026 | C13: 9 | D13: 13.4 | E13: 33 | F13: 872 | G13: =IF(A13=A12,(C13-C12)/C12,"") -> -0.18181818 | H13: =IF(A13=A12,E13-E12,"") -> 2 | I13: =IF(AND(ISNUMBER(G13),G13<=-0.1,ISNUMBER(H13),H13>=5),"Падение дебита и рост обв.",IF(AND(ISNUMBER(G13),G13<=-0.1),"Падение дебита",IF(AND(ISNUMBER(H13),H13>=5),"Рост обводнённости",""))) -> Падение дебита
... A31: СХ-29 | B31: 16.06.2026 | C31: 17 | D31: 28.3 | E31: 40 | F31: 874 | G31: =IF(A31=A30,(C31-C30)/C30,"") -> 0.0625 | H31: =IF(A31=A30,E31-E30,"") -> -2 | I31: =IF(AND(ISNUMBER(G31),G31<=-0.1,ISNUMBER(H31),H31>=5),"Падение дебита и рост обв.",IF(AND(ISNUMBER(G31),G31<=-0.1),"Падение дебита",IF(AND(ISNUMBER(H31),H31>=5),"Рост обводнённости","")))

Sheet Дашборд
A1: Дашборд: добыча и обводнённость по скважинам (данные АГЗУ)
A3: Дата | B3: СХ-23 | C3: СХ-30 | D3: СХ-15 | E3: СХ-16 | F3: СХ-29
A4: ='Журнал замеров'!B2 -> 01.06.2026 | B4: ='Журнал замеров'!C2 -> 20 | C4: ='Журнал замеров'!C8 -> 18 | D4: ='Журнал замеров'!C14 -> 25 | E4: ='Журнал замеров'!C20 -> 15 | F4: ='Журнал замеров'!C26 -> 10
A5: ='Журнал замеров'!B3 -> 04.06.2026 | B5: ='Журнал замеров'!C3 -> 19.8 | C5: ='Журнал замеров'!C9 -> 16 | D5: ='Журнал замеров'!C15 -> 24 | E5: ='Журнал замеров'!C21 -> 15.2 | F5: ='Журнал замеров'!C27 -> 11
A6: ='Журнал замеров'!B4 -> 07.06.2026 | B6: ='Журнал замеров'!C4 -> 20.1 | C6: ='Журнал замеров'!C10 -> 14 | D6: ='Журнал замеров'!C16 -> 22 | E6: ='Журнал замеров'!C22 -> 14.9 | F6: ='Журнал замеров'!C28 -> 13
A7: ='Журнал замеров'!B5 -> 10.06.2026 | B7: ='Журнал замеров'!C5 -> 19.5 | C7: ='Журнал замеров'!C11 -> 12 | D7: ='Журнал замеров'!C17 -> 18 | E7: ='Журнал замеров'!C23 -> 15.1 | F7: ='Журнал замеров'!C29 -> 14
A8: ='Журнал замеров'!B6 -> 13.06.2026 | B8: ='Журнал замеров'!C6 -> 19.7 | C8: ='Журнал замеров'!C12 -> 11 | D8: ='Журнал замеров'!C18 -> 15 | E8: ='Журнал замеров'!C24 -> 15 | F8: ='Журнал замеров'!C30 -> 16
A9: ='Журнал замеров'!B7 -> 16.06.2026 | B9: ='Журнал замеров'!C7 -> 19.6 | C9: ='Журнал замеров'!C13 -> 9 | D9: ='Журнал замеров'!C19 -> 12 | E9: ='Журнал замеров'!C25 -> 14.8 | F9: ='Журнал замеров'!C31 -> 17
A12: Дата | B12: СХ-23 | C12: СХ-30 | D12: СХ-15 | E12: СХ-16 | F12: СХ-29
A13: ='Журнал замеров'!B2 -> 01.06.2026 | B13: ='Журнал замеров'!E2 -> 30 | C13: ='Журнал замеров'!E8 -> 25 | D13: ='Журнал замеров'!E14 -> 20 | E13: ='Журнал замеров'!E20 -> 40 | F13: ='Журнал замеров'!E26 -> 55
A14: ='Журнал замеров'!B3 -> 04.06.2026 | B14: ='Журнал замеров'!E3 -> 31 | C14: ='Журнал замеров'!E9 -> 26 | D14: ='Журнал замеров'!E15 -> 28 | E14: ='Журнал замеров'!E21 -> 41 | F14: ='Журнал замеров'!E27 -> 52
A15: ='Журнал замеров'!B4 -> 07.06.2026 | B15: ='Журнал замеров'!E4 -> 30 | C15: ='Журнал замеров'!E10 -> 28 | D15: ='Журнал замеров'!E16 -> 38 | E15: ='Журнал замеров'!E22 -> 39 | F15: ='Журнал замеров'!E28 -> 48
A16: ='Журнал замеров'!B5 -> 10.06.2026 | B16: ='Журнал замеров'!E5 -> 29 | C16: ='Журнал замеров'!E11 -> 29 | D16: ='Журнал замеров'!E17 -> 50 | E16: ='Журнал замеров'!E23 -> 40 | F16: ='Журнал замеров'!E29 -> 45
A17: ='Журнал замеров'!B6 -> 13.06.2026 | B17: ='Журнал замеров'!E6 -> 31 | C17: ='Журнал замеров'!E12 -> 31 | D17: ='Журнал замеров'!E18 -> 60 | E17: ='Журнал замеров'!E24 -> 41 | F17: ='Журнал замеров'!E30 -> 42
A18: ='Журнал замеров'!B7 -> 16.06.2026 | B18: ='Журнал замеров'!E7 -> 30 | C18: ='Журнал замеров'!E13 -> 33 | D18: ='Журнал замеров'!E19 -> 69 | E18: ='Журнал замеров'!E25 -> 40 | F18: ='Журнал замеров'!E31 -> 40
A21: Скважина | B21: Дебит нефти (первый), т/сут | C21: Дебит нефти (последний), т/сут | D21: Изменение, % | E21: Обводнённость (первая), % | F21: Обводнённость (последняя), % | G21: Изменение, п.п. | H21: Статус
A22: СХ-23 | B22: ='Журнал замеров'!C2 -> 20 | C22: ='Журнал замеров'!C7 -> 19.6 | D22: =(C22-B22)/B22 -> -0.02 | E22: ='Журнал замеров'!E2 -> 30 | F22: ='Журнал замеров'!E7 -> 30 | G22: =F22-E22 -> 0 | H22: =IF(AND(D22<=-0.1,G22>=5),"Внимание: падение + вода",IF(D22<=-0.1,"Падение дебита",IF(G22>=5,"Рост обводнённости","Стабильно"))) -> Стабильно
A23: СХ-30 | B23: ='Журнал замеров'!C8 -> 18 | C23: ='Журнал замеров'!C13 -> 9 | D23: =(C23-B23)/B23 -> -0.5 | E23: ='Журнал замеров'!E8 -> 25 | F23: ='Журнал замеров'!E13 -> 33 | G23: =F23-E23 -> 8 | H23: =IF(AND(D23<=-0.1,G23>=5),"Внимание: падение + вода",IF(D23<=-0.1,"Падение дебита",IF(G23>=5,"Рост обводнённости","Стабильно"))) -> Внимание: падение + вода
A24: СХ-15 | B24: ='Журнал замеров'!C14 -> 25 | C24: ='Журнал замеров'!C19 -> 12 | D24: =(C24-B24)/B24 -> -0.52 | E24: ='Журнал замеров'!E14 -> 20 | F24: ='Журнал замеров'!E19 -> 69 | G24: =F24-E24 -> 49 | H24: =IF(AND(D24<=-0.1,G24>=5),"Внимание: падение + вода",IF(D24<=-0.1,"Падение дебита",IF(G24>=5,"Рост обводнённости","Стабильно"))) -> Внимание: падение + вода
A25: СХ-16 | B25: ='Журнал замеров'!C20 -> 15 | C25: ='Журнал замеров'!C25 -> 14.8 | D25: =(C25-B25)/B25 -> -0.013333333 | E25: ='Журнал замеров'!E20 -> 40 | F25: ='Журнал замеров'!E25 -> 40 | G25: =F25-E25 -> 0 | H25: =IF(AND(D25<=-0.1,G25>=5),"Внимание: падение + вода",IF(D25<=-0.1,"Падение дебита",IF(G25>=5,"Рост обводнённости","Стабильно"))) -> Стабильно
A26: СХ-29 | B26: ='Журнал замеров'!C26 -> 10 | C26: ='Журнал замеров'!C31 -> 17 | D26: =(C26-B26)/B26 -> 0.7 | E26: ='Журнал замеров'!E26 -> 55 | F26: ='Журнал замеров'!E31 -> 40 | G26: =F26-E26 -> -15 | H26: =IF(AND(D26<=-0.1,G26>=5),"Внимание: падение + вода",IF(D26<=-0.1,"Падение дебита",IF(G26>=5,"Рост обводнённости","Стабильно"))) -> Стабильно
