Workbook

Sheet Журнал простоев
A1: Журнал остановок скважин (источник: PRICHINA_STOP, DTL_TIME_IN_STOP)
A3: Справочник кодов причин (заполнить по факту с начальником АСУ ТП):
A4: Код | B4: Причина
A5: 1 | B5: Выкл. питания
A6: 2 | B6: Авария по нагрузке
A7: 3 | B7: Парафиноотложение
A8: 4 | B8: Плановый ремонт (ПРС)
A9: 5 | B9: Авария ТМС
A12: Скважина | B12: Дата остановки | C12: Код причины | D12: Причина (расшифровка) | E12: Длительность простоя, час
A13: СХ-23 | B13: 07.06.2026 | C13: 1 | D13: =VLOOKUP(C13,$A$5:$B$9,2,FALSE()) -> Выкл. питания | E13: 1
A14: СХ-30 | B14: 04.06.2026 | C14: 2 | D14: =VLOOKUP(C14,$A$5:$B$9,2,FALSE()) -> Авария по нагрузке | E14: 6
A15: СХ-30 | B15: 14.06.2026 | C15: 3 | D15: =VLOOKUP(C15,$A$5:$B$9,2,FALSE()) -> Парафиноотложение | E15: 4
A16: СХ-30 | B16: 16.06.2026 | C16: 2 | D16: =VLOOKUP(C16,$A$5:$B$9,2,FALSE()) -> Авария по нагрузке | E16: 5
A17: СХ-15 | B17: 10.06.2026 | C17: 5 | D17: =VLOOKUP(C17,$A$5:$B$9,2,FALSE()) -> Авария ТМС | E17: 10
A18: СХ-15 | B18: 13.06.2026 | C18: 5 | D18: =VLOOKUP(C18,$A$5:$B$9,2,FALSE()) -> Авария ТМС | E18: 8
A19: СХ-16 | B19: 01.06.2026 | C19: 1 | D19: =VLOOKUP(C19,$A$5:$B$9,2,FALSE()) -> Выкл. питания | E19: 1
A20: СХ-29 | B20: 01.06.2026 | C20: 4 | D20: =VLOOKUP(C20,$A$5:$B$9,2,FALSE()) -> Плановый ремонт (ПРС) | E20: 20
A21: СХ-29 | B21: 10.06.2026 | C21: 3 | D21: =VLOOKUP(C21,$A$5:$B$9,2,FALSE()) -> Парафиноотложение | E21: 3

Sheet Простои Дашборд
A1: Дашборд: простои и причины остановок
A3: Период анализа (для справки) | C3: 01.06.2026 - 16.06.2026
A6: Сводка по скважинам
A7: Скважина | B7: Кол-во остановок | C7: Суммарный простой, час | D7: Средняя длительность, час | E7: Доля времени в простое за период, %
A8: СХ-23 | B8: =COUNTIF('Журнал простоев'!A$13:A$21,A8) -> 1 | C8: =SUMIF('Журнал простоев'!A$13:A$21,A8,'Журнал простоев'!E$13:E$21) -> 1 | D8: =IF(B8=0,0,C8/B8) -> 1 | E8: =C8/384*100 -> 0.26041667
A9: СХ-30 | B9: =COUNTIF('Журнал простоев'!A$13:A$21,A9) -> 3 | C9: =SUMIF('Журнал простоев'!A$13:A$21,A9,'Журнал простоев'!E$13:E$21) -> 15 | D9: =IF(B9=0,0,C9/B9) -> 5 | E9: =C9/384*100 -> 3.90625
A10: СХ-15 | B10: =COUNTIF('Журнал простоев'!A$13:A$21,A10) -> 2 | C10: =SUMIF('Журнал простоев'!A$13:A$21,A10,'Журнал простоев'!E$13:E$21) -> 18 | D10: =IF(B10=0,0,C10/B10) -> 9 | E10: =C10/384*100 -> 4.6875
A11: СХ-16 | B11: =COUNTIF('Журнал простоев'!A$13:A$21,A11) -> 1 | C11: =SUMIF('Журнал простоев'!A$13:A$21,A11,'Журнал простоев'!E$13:E$21) -> 1 | D11: =IF(B11=0,0,C11/B11) -> 1 | E11: =C11/384*100 -> 0.26041667
A12: СХ-29 | B12: =COUNTIF('Журнал простоев'!A$13:A$21,A12) -> 2 | C12: =SUMIF('Журнал простоев'!A$13:A$21,A12,'Журнал простоев'!E$13:E$21) -> 23 | D12: =IF(B12=0,0,C12/B12) -> 11.5 | E12: =C12/384*100 -> 5.9895833
A15: Парето-анализ причин остановок
A16: Причина | B16: Суммарно, час | C16: Доля, % | D16: Накопленная доля, %
A17: Выкл. питания | B17: =SUMIF('Журнал простоев'!D$13:D$21,A17,'Журнал простоев'!E$13:E$21) -> 2 | C17: =B17/SUM(B17:B21)*100 -> 3.4482759 | D17: =SUMPRODUCT(($B$17:$B$21>=B17)*$B$17:$B$21)/SUM(B17:B21)*100 -> 100
A18: Авария по нагрузке | B18: =SUMIF('Журнал простоев'!D$13:D$21,A18,'Журнал простоев'!E$13:E$21) -> 11 | C18: =B18/SUM(B17:B21)*100 -> 18.965517 | D18: =SUMPRODUCT(($B$17:$B$21>=B18)*$B$17:$B$21)/SUM(B17:B21)*100 -> 84.482759
A19: Парафиноотложение | B19: =SUMIF('Журнал простоев'!D$13:D$21,A19,'Журнал простоев'!E$13:E$21) -> 7 | C19: =B19/SUM(B17:B21)*100 -> 12.068966 | D19: =SUMPRODUCT(($B$17:$B$21>=B19)*$B$17:$B$21)/SUM(B17:B21)*100 -> 96.551724
A20: Плановый ремонт (ПРС) | B20: =SUMIF('Журнал простоев'!D$13:D$21,A20,'Журнал простоев'!E$13:E$21) -> 20 | C20: =B20/SUM(B17:B21)*100 -> 34.482759 | D20: =SUMPRODUCT(($B$17:$B$21>=B20)*$B$17:$B$21)/SUM(B17:B21)*100 -> 34.482759
A21: Авария ТМС | B21: =SUMIF('Журнал простоев'!D$13:D$21,A21,'Журнал простоев'!E$13:E$21) -> 18 | C21: =B21/SUM(B17:B21)*100 -> 31.034483 | D21: =SUMPRODUCT(($B$17:$B$21>=B21)*$B$17:$B$21)/SUM(B17:B21)*100 -> 65.517241

Sheet Журнал электро
A1: Журнал электрических параметров (ACTIVE_POWER, DISBALANCE_AMP)
A3: Скважина | B3: Дата | C3: Активная мощность, кВт | D3: Дисбаланс токов, % | E3: Дебит нефти за дату, т/сут | F3: Удельная мощность, кВт/т | G3: Статус
A4: СХ-23 | B4: 01.06.2026 | C4: 13.8 | D4: 1.2 | E4: 20 | F4: =C4/E4 -> 0.69 | G4: =IF(D4>=5,"Проверить двигатель","Норма") -> Норма
A5: СХ-23 | B5: 04.06.2026 | C5: 13.7 | D5: 1.3 | E5: 19.8 | F5: =C5/E5 -> 0.69191919 | G5: =IF(D5>=5,"Проверить двигатель","Норма") -> Норма
A6: СХ-23 | B6: 07.06.2026 | C6: 13.9 | D6: 1.1 | E6: 20.1 | F6: =C6/E6 -> 0.69154229 | G6: =IF(D6>=5,"Проверить двигатель","Норма") -> Норма
A7: СХ-23 | B7: 10.06.2026 | C7: 13.6 | D7: 1.4 | E7: 19.5 | F7: =C7/E7 -> 0.6974359 | G7: =IF(D7>=5,"Проверить двигатель","Норма") -> Норма
A8: СХ-23 | B8: 13.06.2026 | C8: 13.7 | D8: 1.2 | E8: 19.7 | F8: =C8/E8 -> 0.69543147 | G8: =IF(D8>=5,"Проверить двигатель","Норма") -> Норма
A9: СХ-23 | B9: 16.06.2026 | C9: 13.6 | D9: 1.3 | E9: 19.6 | F9: =C9/E9 -> 0.69387755 | G9: =IF(D9>=5,"Проверить двигатель","Норма") -> Норма
A10: СХ-30 | B10: 01.06.2026 | C10: 11 | D10: 1.5 | E10: 18 | F10: =C10/E10 -> 0.61111111 | G10: =IF(D10>=5,"Проверить двигатель","Норма") -> Норма
A11: СХ-30 | B11: 04.06.2026 | C11: 10.5 | D11: 2 | E11: 16 | F11: =C11/E11 -> 0.65625 | G11: =IF(D11>=5,"Проверить двигатель","Норма") -> Норма
A12: СХ-30 | B12: 07.06.2026 | C12: 10 | D12: 3 | E12: 14 | F12: =C12/E12 -> 0.71428571 | G12: =IF(D12>=5,"Проверить двигатель","Норма") -> Норма
A13: СХ-30 | B13: 10.06.2026 | C13: 9.5 | D13: 4.5 | E13: 12 | F13: =C13/E13 -> 0.79166667 | G13: =IF(D13>=5,"Проверить двигатель","Норма") -> Норма
A14: СХ-30 | B14: 13.06.2026 | C14: 9.2 | D14: 6 | E14: 11 | F14: =C14/E14 -> 0.83636364 | G14: =IF(D14>=5,"Проверить двигатель","Норма") -> Проверить двигатель
A15: СХ-30 | B15: 16.06.2026 | C15: 8.8 | D15: 7.5 | E15: 9 | F15: =C15/E15 -> 0.97777778 | G15: =IF(D15>=5,"Проверить двигатель","Норма") -> Проверить двигатель
... A33: СХ-29 | B33: 16.06.2026 | C33: 12.6 | D33: 1.4 | E33: 17 | F33: =C33/E33 -> 0.74117647 | G33: =IF(D33>=5,"Проверить двигатель","Норма") -> Норма

Sheet Электро Дашборд
A1: Дашборд: электрические параметры и энергоэффективность
A3: Рейтинг скважин по удельному энергопотреблению
A4: Скважина | B4: Средняя мощность, кВт | C4: Средний дебит нефти, т/сут | D4: Удельная мощность, кВт/т | E4: Макс. дисбаланс токов, % | F4: Статус
A5: СХ-23 | B5: =AVERAGEIF('Журнал электро'!A$4:A$33,A5,'Журнал электро'!C$4:C$33) -> 13.716667 | C5: =AVERAGEIF('Журнал электро'!A$4:A$33,A5,'Журнал электро'!E$4:E$33) -> 19.783333 | D5: =B5/C5 -> 0.69334457 | E5: =SUMPRODUCT(MAX(('Журнал электро'!$A$4:$A$33=A5)*'Журнал электро'!$D$4:$D$33)) -> 1.4 | F5: =IF(E5>=5,"Проверить двигатель","Норма") -> Норма
A6: СХ-30 | B6: =AVERAGEIF('Журнал электро'!A$4:A$33,A6,'Журнал электро'!C$4:C$33) -> 9.8333333 | C6: =AVERAGEIF('Журнал электро'!A$4:A$33,A6,'Журнал электро'!E$4:E$33) -> 13.333333 | D6: =B6/C6 -> 0.7375 | E6: =SUMPRODUCT(MAX(('Журнал электро'!$A$4:$A$33=A6)*'Журнал электро'!$D$4:$D$33)) -> 7.5 | F6: =IF(E6>=5,"Проверить двигатель","Норма") -> Проверить двигатель
A7: СХ-15 | B7: =AVERAGEIF('Журнал электро'!A$4:A$33,A7,'Журнал электро'!C$4:C$33) -> 18.016667 | C7: =AVERAGEIF('Журнал электро'!A$4:A$33,A7,'Журнал электро'!E$4:E$33) -> 19.333333 | D7: =B7/C7 -> 0.93189655 | E7: =SUMPRODUCT(MAX(('Журнал электро'!$A$4:$A$33=A7)*'Журнал электро'!$D$4:$D$33)) -> 1.2 | F7: =IF(E7>=5,"Проверить двигатель","Норма") -> Норма
A8: СХ-16 | B8: =AVERAGEIF('Журнал электро'!A$4:A$33,A8,'Журнал электро'!C$4:C$33) -> 12.516667 | C8: =AVERAGEIF('Журнал электро'!A$4:A$33,A8,'Журнал электро'!E$4:E$33) -> 15 | D8: =B8/C8 -> 0.83444444 | E8: =SUMPRODUCT(MAX(('Журнал электро'!$A$4:$A$33=A8)*'Журнал электро'!$D$4:$D$33)) -> 1.9 | F8: =IF(E8>=5,"Проверить двигатель","Норма") -> Норма
A9: СХ-29 | B9: =AVERAGEIF('Журнал электро'!A$4:A$33,A9,'Журнал электро'!C$4:C$33) -> 12.433333 | C9: =AVERAGEIF('Журнал электро'!A$4:A$33,A9,'Журнал электро'!E$4:E$33) -> 13.5 | D9: =B9/C9 -> 0.92098765 | E9: =SUMPRODUCT(MAX(('Журнал электро'!$A$4:$A$33=A9)*'Журнал электро'!$D$4:$D$33)) -> 2 | F9: =IF(E9>=5,"Проверить двигатель","Норма") -> Норма
A12: Тренд дисбаланса токов по датам
A13: Дата | B13: СХ-23 | C13: СХ-30 | D13: СХ-15 | E13: СХ-16 | F13: СХ-29
A14: 01.06.2026 | B14: =SUMPRODUCT(('Журнал электро'!$A$4:$A$33=B$13)*('Журнал электро'!$B$4:$B$33=$A14)*'Журнал электро'!$D$4:$D$33) -> 1.2 | C14: =SUMPRODUCT(('Журнал электро'!$A$4:$A$33=C$13)*('Журнал электро'!$B$4:$B$33=$A14)*'Журнал электро'!$D$4:$D$33) -> 1.5 | D14: =SUMPRODUCT(('Журнал электро'!$A$4:$A$33=D$13)*('Журнал электро'!$B$4:$B$33=$A14)*'Журнал электро'!$D$4:$D$33) -> 1 | E14: =SUMPRODUCT(('Журнал электро'!$A$4:$A$33=E$13)*('Журнал электро'!$B$4:$B$33=$A14)*'Журнал электро'!$D$4:$D$33) -> 1.8 | F14: =SUMPRODUCT(('Журнал электро'!$A$4:$A$33=F$13)*('Журнал электро'!$B$4:$B$33=$A14)*'Журнал электро'!$D$4:$D$33) -> 2
A15: 04.06.2026 | B15: =SUMPRODUCT(('Журнал электро'!$A$4:$A$33=B$13)*('Журнал электро'!$B$4:$B$33=$A15)*'Журнал электро'!$D$4:$D$33) -> 1.3 | C15: =SUMPRODUCT(('Журнал электро'!$A$4:$A$33=C$13)*('Журнал электро'!$B$4:$B$33=$A15)*'Журнал электро'!$D$4:$D$33) -> 2 | D15: =SUMPRODUCT(('Журнал электро'!$A$4:$A$33=D$13)*('Журнал электро'!$B$4:$B$33=$A15)*'Журнал электро'!$D$4:$D$33) -> 1.1 | E15: =SUMPRODUCT(('Журнал электро'!$A$4:$A$33=E$13)*('Журнал электро'!$B$4:$B$33=$A15)*'Журнал электро'!$D$4:$D$33) -> 1.7 | F15: =SUMPRODUCT(('Журнал электро'!$A$4:$A$33=F$13)*('Журнал электро'!$B$4:$B$33=$A15)*'Журнал электро'!$D$4:$D$33) -> 1.9
A16: 07.06.2026 | B16: =SUMPRODUCT(('Журнал электро'!$A$4:$A$33=B$13)*('Журнал электро'!$B$4:$B$33=$A16)*'Журнал электро'!$D$4:$D$33) -> 1.1 | C16: =SUMPRODUCT(('Журнал электро'!$A$4:$A$33=C$13)*('Журнал электро'!$B$4:$B$33=$A16)*'Журнал электро'!$D$4:$D$33) -> 3 | D16: =SUMPRODUCT(('Журнал электро'!$A$4:$A$33=D$13)*('Журнал электро'!$B$4:$B$33=$A16)*'Журнал электро'!$D$4:$D$33) -> 1 | E16: =SUMPRODUCT(('Журнал электро'!$A$4:$A$33=E$13)*('Журнал электро'!$B$4:$B$33=$A16)*'Журнал электро'!$D$4:$D$33) -> 1.9 | F16: =SUMPRODUCT(('Журнал электро'!$A$4:$A$33=F$13)*('Журнал электро'!$B$4:$B$33=$A16)*'Журнал электро'!$D$4:$D$33) -> 1.8
A17: 10.06.2026 | B17: =SUMPRODUCT(('Журнал электро'!$A$4:$A$33=B$13)*('Журнал электро'!$B$4:$B$33=$A17)*'Журнал электро'!$D$4:$D$33) -> 1.4 | C17: =SUMPRODUCT(('Журнал электро'!$A$4:$A$33=C$13)*('Журнал электро'!$B$4:$B$33=$A17)*'Журнал электро'!$D$4:$D$33) -> 4.5 | D17: =SUMPRODUCT(('Журнал электро'!$A$4:$A$33=D$13)*('Журнал электро'!$B$4:$B$33=$A17)*'Журнал электро'!$D$4:$D$33) -> 1.2 | E17: =SUMPRODUCT(('Журнал электро'!$A$4:$A$33=E$13)*('Журнал электро'!$B$4:$B$33=$A17)*'Журнал электро'!$D$4:$D$33) -> 1.8 | F17: =SUMPRODUCT(('Журнал электро'!$A$4:$A$33=F$13)*('Журнал электро'!$B$4:$B$33=$A17)*'Журнал электро'!$D$4:$D$33) -> 1.6
A18: 13.06.2026 | B18: =SUMPRODUCT(('Журнал электро'!$A$4:$A$33=B$13)*('Журнал электро'!$B$4:$B$33=$A18)*'Журнал электро'!$D$4:$D$33) -> 1.2 | C18: =SUMPRODUCT(('Журнал электро'!$A$4:$A$33=C$13)*('Журнал электро'!$B$4:$B$33=$A18)*'Журнал электро'!$D$4:$D$33) -> 6 | D18: =SUMPRODUCT(('Журнал электро'!$A$4:$A$33=D$13)*('Журнал электро'!$B$4:$B$33=$A18)*'Журнал электро'!$D$4:$D$33) -> 1.1 | E18: =SUMPRODUCT(('Журнал электро'!$A$4:$A$33=E$13)*('Журнал электро'!$B$4:$B$33=$A18)*'Журнал электро'!$D$4:$D$33) -> 1.7 | F18: =SUMPRODUCT(('Журнал электро'!$A$4:$A$33=F$13)*('Журнал электро'!$B$4:$B$33=$A18)*'Журнал электро'!$D$4:$D$33) -> 1.5
A19: 16.06.2026 | B19: =SUMPRODUCT(('Журнал электро'!$A$4:$A$33=B$13)*('Журнал электро'!$B$4:$B$33=$A19)*'Журнал электро'!$D$4:$D$33) -> 1.3 | C19: =SUMPRODUCT(('Журнал электро'!$A$4:$A$33=C$13)*('Журнал электро'!$B$4:$B$33=$A19)*'Журнал электро'!$D$4:$D$33) -> 7.5 | D19: =SUMPRODUCT(('Журнал электро'!$A$4:$A$33=D$13)*('Журнал электро'!$B$4:$B$33=$A19)*'Журнал электро'!$D$4:$D$33) -> 1 | E19: =SUMPRODUCT(('Журнал электро'!$A$4:$A$33=E$13)*('Журнал электро'!$B$4:$B$33=$A19)*'Журнал электро'!$D$4:$D$33) -> 1.8 | F19: =SUMPRODUCT(('Журнал электро'!$A$4:$A$33=F$13)*('Журнал электро'!$B$4:$B$33=$A19)*'Журнал электро'!$D$4:$D$33) -> 1.4
